,Mean Absolute Error (MAE),Mean Squared Error (MSE),Root Mean Squared Error (RMSE),R² Score
Linear Regression,1584.2891557524335,5299145.69695412,2301.987336401771,0.6776018459604176
Decision Tree,879.4319131072657,3385520.220126197,1839.9783205587498,0.7940261446180394
Random Forest,876.3920985184278,3209704.7350037717,1791.5648843968147,0.8047226966844647
Gradient Boosting,866.3761315859816,3380743.403634268,1838.6797991043106,0.7943167644475846
Neural Network,2400.163544699313,19290645.961977005,4392.111788419895,-0.17363609231338284
XGBoost,879.431512982757,3385519.892814581,1839.9782316143255,0.7940261645315626
